Code du département,Libellé du département,Code de la circonscription,Libellé de la circonscription,Etat saisie,Inscrits,Abstentions,Votants,Blancs,Nuls,Exprimés
01,Ain,01,1ère circonscription,Complet,85723,18592,67131,1154,393,65584
01,Ain,02,2ème circonscription,Incomplet,99383,19917,79466,1367,352,77747
01,Ain,03,3ème circonscription,Incomplet,81500,20440,61060,851,290,59919
01,Ain,04,4ème circonscription,Complet,94359,19826,74533,1299,474,72760
01,Ain,05,5ème circonscription,Complet,77144,18766,58378,970,394,57014
02,Aisne,01,1ère circonscription,Complet,72206,18597,53609,740,404,52465
02,Aisne,02,2ème circonscription,Incomplet,73111,20530,52581,772,403,51406
02,Aisne,03,3ème circonscription,Incomplet,66580,17358,49222,699,398,48125
02,Aisne,04,4ème circonscription,Complet,78699,22961,55738,681,1143,53914
02,Aisne,05,5ème circonscription,Complet,82948,21643,61305,875,480,59950
03,Allier,01,1ère circonscription,Incomplet,89193,20597,68596,1330,599,66667
03,Allier,02,2ème circonscription,Complet,80780,19459,61321,1207,649,59465
03,Allier,03,3ème circonscription,Complet,80018,18441,61577,1212,542,59823
04,Alpes-de-Haute-Provence,01,1ère circonscription,Complet,61692,13750,47942,691,315,46936
04,Alpes-de-Haute-Provence,02,2ème circonscription,Incomplet,66383,15540,50843,787,309,49747
05,Hautes-Alpes,01,1ère circonscription,Complet,59486,13601,45885,731,287,44867
05,Hautes-Alpes,02,2ème circonscription,Complet,54033,11756,42277,664,245,41368
06,Alpes-Maritimes,01,1ère circonscription,Incomplet,81800,24731,57069,603,354,56112
06,Alpes-Maritimes,02,2ème circonscription,Complet,88918,22495,66423,949,341,65133
06,Alpes-Maritimes,03,3ème circonscription,Incomplet,90956,26607,64349,789,342,63218
06,Alpes-Maritimes,04,4ème circonscription,Incomplet,85093,22600,62493,800,347,61346
06,Alpes-Maritimes,05,5ème circonscription,Incomplet,90651,24266,66385,847,843,64695
06,Alpes-Maritimes,06,6ème circonscription,Complet,79455,19323,60132,992,149,58991
06,Alpes-Maritimes,07,7ème circonscription,Incomplet,96983,24075,72908,995,255,71658
06,Alpes-Maritimes,08,8ème circonscription,Complet,83755,23166,60589,804,276,59509
06,Alpes-Maritimes,09,9ème circonscription,Complet,80971,20987,59984,771,1100,58113
07,Ardèche,01,1ère circonscription,Complet,79091,17492,61599,1016,495,60088
07,Ardèche,02,2ème circonscription,Complet,96207,19535,76672,1343,548,74781
07,Ardèche,03,3ème circonscription,Complet,80561,17087,63474,952,416,62106
08,Ardennes,01,1ère circonscription,Complet,70589,17569,53020,828,353,51839
08,Ardennes,02,2ème circonscription,Complet,60537,17593,42944,572,293,42079
08,Ardennes,03,3ème circonscription,Complet,55071,14206,40865,509,338,40018
09,Ariège,01,1ère circonscription,Complet,57253,11879,45374,745,352,44277
09,Ariège,02,2ème circonscription,Complet,61786,13149,48637,787,423,47427
10,Aube,01,1ère circonscription,Complet,64389,15771,48618,791,393,47434
10,Aube,02,2ème circonscription,Complet,74910,18476,56434,838,393,55203
10,Aube,03,3ème circonscription,Complet,66252,18137,48115,710,372,47033
11,Aude,01,1ère circonscription,Complet,98299,21769,76530,1039,540,74951
11,Aude,02,2ème circonscription,Complet,92254,22823,69431,942,486,68003
11,Aude,03,3ème circonscription,Complet,89374,18380,70994,981,541,69472
12,Aveyron,01,1ère circonscription,Complet,77960,15368,62592,1077,547,60968
12,Aveyron,02,2ème circonscription,Complet,69126,14198,54928,1005,580,53343
12,Aveyron,03,3ème circonscription,Complet,72382,14267,58115,997,527,56591
13,Bouches-du-Rhône,01,1ère circonscription,Complet,80868,23647,57221,739,311,56171
13,Bouches-du-Rhône,02,2ème circonscription,Complet,82418,22134,60284,637,241,59406
13,Bouches-du-Rhône,03,3ème circonscription,Complet,75283,25103,50180,583,215,49382
13,Bouches-du-Rhône,04,4ème circonscription,Complet,64319,22800,41519,416,173,40930
13,Bouches-du-Rhône,05,5ème circonscription,Complet,72839,21430,51409,629,237,50543
13,Bouches-du-Rhône,06,6ème circonscription,Complet,78015,24059,53956,596,264,53096
13,Bouches-du-Rhône,07,7ème circonscription,Complet,66637,27190,39447,353,198,38896
13,Bouches-du-Rhône,08,8ème circonscription,Complet,102475,25080,77395,1073,443,75879
13,Bouches-du-Rhône,09,9ème circonscription,Complet,100575,26316,74259,1059,386,72814
13,Bouches-du-Rhône,10,10ème circonscription,Complet,108586,24129,84457,1235,448,82774
13,Bouches-du-Rhône,11,11ème circonscription,Complet,91635,22385,69250,876,294,68080
13,Bouches-du-Rhône,12,12ème circonscription,Complet,94207,24376,69831,1059,295,68477
13,Bouches-du-Rhône,13,13ème circonscription,Complet,94155,25229,68926,978,530,67418
13,Bouches-du-Rhône,14,14ème circonscription,Complet,98757,23051,75706,996,382,74328
13,Bouches-du-Rhône,15,15ème circonscription,Complet,109062,23978,85084,1197,554,83333
13,Bouches-du-Rhône,16,16ème circonscription,Complet,91353,22909,68444,915,436,67093
14,Calvados,01,1ère circonscription,Complet,71988,15678,56310,757,298,55255
14,Calvados,02,2ème circonscription,Complet,68045,16399,51646,681,379,50586
14,Calvados,03,3ème circonscription,Complet,79595,19721,59874,872,409,58593
14,Calvados,04,4ème circonscription,Complet,104420,24211,80209,1013,489,78707
14,Calvados,05,5ème circonscription,Complet,92374,20320,72054,1045,407,70602
14,Calvados,06,6ème circonscription,Complet,95726,21470,74256,1179,589,72488
15,Cantal,01,1ère circonscription,Complet,62900,13188,49712,1045,479,48188
15,Cantal,02,2ème circonscription,Complet,52845,11831,41014,758,342,39914
16,Charente,01,1ère circonscription,Complet,83189,20104,63085,1012,464,61609
16,Charente,02,2ème circonscription,Complet,83497,19384,64113,1029,512,62572
16,Charente,03,3ème circonscription,Complet,90922,20421,70501,1252,764,68485
17,Charente-Maritime,01,1ère circonscription,Complet,110154,25894,84260,1136,454,82670
17,Charente-Maritime,02,2ème circonscription,Complet,111596,23463,88133,1386,571,86176
17,Charente-Maritime,03,3ème circonscription,Complet,83998,19532,64466,990,526,62950
17,Charente-Maritime,04,4ème circonscription,Complet,94217,21663,72554,1036,570,70948
17,Charente-Maritime,05,5ème circonscription,Complet,119237,25885,93352,1370,659,91323
18,Cher,01,1ère circonscription,Complet,71152,18800,52352,1025,308,51019
18,Cher,02,2ème circonscription,Complet,68912,19038,49874,907,324,48643
18,Cher,03,3ème circonscription,Complet,84506,21970,62536,1214,451,60871
19,Corrèze,01,1ère circonscription,Complet,92011,18184,73827,1333,752,71742
19,Corrèze,02,2ème circonscription,Complet,93021,20246,72775,1184,733,70858
2A,Corse-du-Sud,01,1ère circonscription,Complet,52148,19518,32630,487,1020,31123
2A,Corse-du-Sud,02,2ème circonscription,Complet,61770,22848,38922,643,541,37738
2B,Haute-Corse,01,1ère circonscription,Complet,61270,22091,39179,641,409,38129
2B,Haute-Corse,02,2ème circonscription,Complet,67844,26172,41672,822,468,40382
21,Côte-d'Or,01,1ère circonscription,Complet,69988,14344,55644,763,270,54611
21,Côte-d'Or,02,2ème circonscription,Complet,70982,15351,55631,897,312,54422
21,Côte-d'Or,03,3ème circonscription,Complet,72033,15492,56541,942,305,55294
21,Côte-d'Or,04,4ème circonscription,Complet,68376,14293,54083,878,365,52840
21,Côte-d'Or,05,5ème circonscription,Complet,85480,18406,67074,1097,399,65578
22,Côtes-d'Armor,01,1ère circonscription,Complet,91480,20230,71250,1167,521,69562
22,Côtes-d'Armor,02,2ème circonscription,Complet,103154,19886,83268,1277,661,81330
22,Côtes-d'Armor,03,3ème circonscription,Complet,88709,17554,71155,1189,645,69321
22,Côtes-d'Armor,04,4ème circonscription,Complet,80861,16530,64331,905,602,62824
22,Côtes-d'Armor,05,5ème circonscription,Complet,107548,22397,85151,1184,611,83356
23,Creuse,01,1ère circonscription,Complet,90946,21967,68979,1388,743,66848
24,Dordogne,01,1ère circonscription,Complet,77353,16688,60665,825,611,59229
24,Dordogne,02,2ème circonscription,Complet,84067,18394,65673,832,580,64261
24,Dordogne,03,3ème circonscription,Complet,67127,12507,54620,885,686,53049
24,Dordogne,04,4ème circonscription,Complet,89621,17267,72354,1094,1243,70017
25,Doubs,01,1ère circonscription,Complet,75834,17071,58763,1082,379,57302
25,Doubs,02,2ème circonscription,Complet,78338,16381,61957,961,420,60576
25,Doubs,03,3ème circonscription,Complet,64414,15450,48964,936,394,47634
25,Doubs,04,4ème circonscription,Complet,65374,16907,48467,798,428,47241
25,Doubs,05,5ème circonscription,Complet,84419,18308,66111,1212,555,64344
26,Drôme,01,1ère circonscription,Complet,77421,19049,58372,846,370,57156
26,Drôme,02,2ème circonscription,Complet,95581,22485,73096,1069,531,71496
26,Drôme,03,3ème circonscription,Complet,110419,20915,89504,1328,544,87632
26,Drôme,04,4ème circonscription,Complet,98767,21840,76927,1334,453,75140
27,Eure,01,1ère circonscription,Complet,86341,22343,63998,929,356,62713
27,Eure,02,2ème circonscription,Complet,78690,18501,60189,978,290,58921
27,Eure,03,3ème circonscription,Complet,85486,20187,65299,1008,371,63920
27,Eure,04,4ème circonscription,Complet,92417,23514,68903,1097,403,67403
27,Eure,05,5ème circonscription,Complet,89264,21918,67346,1073,369,65904
28,Eure-et-Loir,01,1ère circonscription,Complet,90750,22794,67956,983,437,66536
28,Eure-et-Loir,02,2ème circonscription,Complet,74844,21038,53806,784,284,52738
28,Eure-et-Loir,03,3ème circonscription,Complet,71129,18586,52543,912,368,51263
28,Eure-et-Loir,04,4ème circonscription,Complet,67165,16542,50623,810,329,49484
29,Finistère,01,1ère circonscription,Complet,91816,18923,72893,1042,496,71355
29,Finistère,02,2ème circonscription,Complet,78724,20940,57784,1213,42,56529
29,Finistère,03,3ème circonscription,Complet,92877,19946,72931,1171,333,71427
29,Finistère,04,4ème circonscription,Complet,83766,17567,66199,929,428,64842
29,Finistère,05,5ème circonscription,Complet,97574,20060,77514,1153,376,75985
29,Finistère,06,6ème circonscription,Complet,91039,19538,71501,1119,478,69904
29,Finistère,07,7ème circonscription,Complet,83077,17607,65470,974,502,63994
29,Finistère,08,8ème circonscription,Complet,90828,20289,70539,1091,565,68883
30,Gard,01,1ère circonscription,Complet,88975,24935,64040,824,358,62858
30,Gard,02,2ème circonscription,Complet,94576,20954,73622,1047,436,72139
30,Gard,03,3ème circonscription,Complet,95154,20652,74502,1031,451,73020
30,Gard,04,4ème circonscription,Complet,93991,21634,72357,1034,422,70901
30,Gard,05,5ème circonscription,Complet,98195,22418,75777,1088,479,74210
30,Gard,06,6ème circonscription,Complet,84147,22130,62017,816,350,60851
31,Haute-Garonne,01,1ère circonscription,Complet,83552,17270,66282,818,337,65127
31,Haute-Garonne,02,2ème circonscription,Complet,103430,21092,82338,1199,446,80693
31,Haute-Garonne,03,3ème circonscription,Complet,79901,14525,65376,809,271,64296
31,Haute-Garonne,04,4ème circonscription,Complet,68037,15307,52730,576,1758,50396
31,Haute-Garonne,05,5ème circonscription,Complet,106151,20093,86058,1285,544,84229
31,Haute-Garonne,06,6ème circonscription,Complet,114721,20775,93946,1281,533,92132
31,Haute-Garonne,07,7ème circonscription,Complet,105963,21672,84291,1226,579,82486
31,Haute-Garonne,08,8ème circonscription,Complet,86008,18971,67037,923,516,65598
31,Haute-Garonne,09,9ème circonscription,Complet,79818,17456,62362,774,328,61260
31,Haute-Garonne,10,10ème circonscription,Complet,102740,16205,86535,1238,535,84762
32,Gers,01,1ère circonscription,Complet,73596,14222,59374,888,429,58057
32,Gers,02,2ème circonscription,Complet,73682,14045,59637,874,421,58342
33,Gironde,01,1ère circonscription,Complet,103351,23721,79630,987,328,78315
33,Gironde,02,2ème circonscription,Complet,71935,16310,55625,636,207,54782
33,Gironde,03,3ème circonscription,Complet,88554,20982,67572,916,328,66328
33,Gironde,04,4ème circonscription,Complet,97743,24447,73296,1044,479,71773
33,Gironde,05,5ème circonscription,Complet,120515,25330,95185,1307,559,93319
33,Gironde,06,6ème circonscription,Complet,107025,20513,86512,1195,437,84880
33,Gironde,07,7ème circonscription,Complet,79438,17038,62400,837,313,61250
33,Gironde,08,8ème circonscription,Complet,119401,25758,93643,1225,492,91926
33,Gironde,09,9ème circonscription,Complet,101590,18832,82758,1260,537,80961
33,Gironde,10,10ème circonscription,Complet,82865,17416,65449,870,422,64157
33,Gironde,11,11ème circonscription,Complet,98441,22071,76370,1089,562,74719
33,Gironde,12,12ème circonscription,Complet,87690,16596,71094,1001,483,69610
34,Hérault,01,1ère circonscription,Complet,89342,21474,67868,958,351,66559
34,Hérault,02,2ème circonscription,Complet,64894,18338,46556,483,221,45852
34,Hérault,03,3ème circonscription,Complet,91551,17848,73703,1165,412,72126
34,Hérault,04,4ème circonscription,Complet,118680,23299,95381,1362,603,93416
34,Hérault,05,5ème circonscription,Complet,98589,21355,77234,1014,500,75720
34,Hérault,06,6ème circonscription,Complet,93302,23490,69812,1021,397,68394
34,Hérault,07,7ème circonscription,Complet,108511,26700,81811,1006,632,80173
34,Hérault,08,8ème circonscription,Complet,93616,21783,71833,999,492,70342
34,Hérault,09,9ème circonscription,Complet,88880,21479,67401,859,396,66146
35,Ille-et-Vilaine,01,1ère circonscription,Complet,92977,20847,72130,1095,390,70645
35,Ille-et-Vilaine,02,2ème circonscription,Complet,97485,18787,78698,1168,394,77136
35,Ille-et-Vilaine,03,3ème circonscription,Complet,91520,18542,72978,1248,488,71242
35,Ille-et-Vilaine,04,4ème circonscription,Complet,95367,19264,76103,1339,498,74266
35,Ille-et-Vilaine,05,5ème circonscription,Complet,109324,22134,87190,1487,642,85061
35,Ille-et-Vilaine,06,6ème circonscription,Complet,89879,18559,71320,1204,642,69474
35,Ille-et-Vilaine,07,7ème circonscription,Complet,104816,23907,80909,1062,516,79331
35,Ille-et-Vilaine,08,8ème circonscription,Complet,90268,19387,70881,908,296,69677
36,Indre,01,1ère circonscription,Complet,77726,20962,56764,1063,558,55143
36,Indre,02,2ème circonscription,Complet,88374,20444,67930,1388,688,65854
37,Indre-et-Loire,01,1ère circonscription,Complet,70550,20399,50151,639,228,49284
37,Indre-et-Loire,02,2ème circonscription,Complet,91935,20600,71335,1249,433,69653
37,Indre-et-Loire,03,3ème circonscription,Complet,99213,22702,76511,1289,523,74699
37,Indre-et-Loire,04,4ème circonscription,Complet,92072,22182,69890,1155,501,68234
37,Indre-et-Loire,05,5ème circonscription,Complet,86732,19653,67079,1105,354,65620
38,Isère,01,1ère circonscription,Complet,85135,17721,67414,749,213,66452
38,Isère,02,2ème circonscription,Complet,78251,19007,59244,924,287,58033
38,Isère,03,3ème circonscription,Complet,60060,15957,44103,552,175,43376
38,Isère,04,4ème circonscription,Complet,91598,19467,72131,1138,320,70673
38,Isère,05,5ème circonscription,Complet,105572,21208,84364,1353,372,82639
38,Isère,06,6ème circonscription,Complet,88676,20359,68317,1195,329,66793
38,Isère,07,7ème circonscription,Complet,95707,20824,74883,1405,621,72857
38,Isère,08,8ème circonscription,Complet,82027,18219,63808,1094,380,62334
38,Isère,09,9ème circonscription,Complet,100145,21804,78341,1448,366,76527
38,Isère,10,10ème circonscription,Complet,98269,24110,74159,1132,415,72612
39,Jura,01,1ère circonscription,Complet,64847,13848,50999,887,441,49671
39,Jura,02,2ème circonscription,Complet,55574,12657,42917,812,285,41820
39,Jura,03,3ème circonscription,Complet,70176,15129,55047,926,385,53736
40,Landes,01,1ère circonscription,Complet,107989,22785,85204,1384,477,83343
40,Landes,02,2ème circonscription,Complet,122214,24557,97657,1434,533,95690
40,Landes,03,3ème circonscription,Complet,99134,18312,80822,1215,590,79017
41,Loir-et-Cher,01,1ère circonscription,Complet,82628,21128,61500,1008,424,60068
41,Loir-et-Cher,02,2ème circonscription,Complet,80308,19534,60774,1047,475,59252
41,Loir-et-Cher,03,3ème circonscription,Complet,81782,18688,63094,1126,478,61490
42,Loire,01,1ère circonscription,Complet,64077,16457,47620,698,251,46671
42,Loire,02,2ème circonscription,Complet,50594,14458,36136,430,186,35520
42,Loire,03,3ème circonscription,Complet,83105,19747,63358,1176,225,61957
42,Loire,04,4ème circonscription,Complet,103498,23199,80299,1342,443,78514
42,Loire,05,5ème circonscription,Complet,101872,22065,79807,1493,896,77418
42,Loire,06,6ème circonscription,Complet,110648,22666,87982,1525,599,85858
43,Haute-Loire,01,1ère circonscription,Complet,101344,20396,80948,1651,639,78658
43,Haute-Loire,02,2ème circonscription,Complet,79362,16604,62758,1186,575,60997
44,Loire-Atlantique,01,1ère circonscription,Complet,76919,18144,58775,868,150,57757
44,Loire-Atlantique,02,2ème circonscription,Complet,90879,20902,69977,865,254,68858
44,Loire-Atlantique,03,3ème circonscription,Complet,96273,24347,71926,1154,281,70491
44,Loire-Atlantique,04,4ème circonscription,Complet,92919,21302,71617,1152,402,70063
44,Loire-Atlantique,05,5ème circonscription,Complet,125352,25913,99439,1551,446,97442
44,Loire-Atlantique,06,6ème circonscription,Complet,114979,26083,88896,1776,710,86410
44,Loire-Atlantique,07,7ème circonscription,Complet,117012,24955,92057,1481,539,90037
44,Loire-Atlantique,08,8ème circonscription,Complet,89668,23384,66284,1050,413,64821
44,Loire-Atlantique,09,9ème circonscription,Complet,129388,27441,101947,1702,667,99578
44,Loire-Atlantique,10,10ème circonscription,Complet,123304,23868,99436,1774,697,96965
45,Loiret,01,1ère circonscription,Complet,77302,18949,58353,914,319,57120
45,Loiret,02,2ème circonscription,Complet,86510,22121,64389,1076,376,62937
45,Loiret,03,3ème circonscription,Complet,70803,16771,54032,942,386,52704
45,Loiret,04,4ème circonscription,Complet,74595,20289,54306,825,388,53093
45,Loiret,05,5ème circonscription,Complet,73331,18051,55280,878,348,54054
45,Loiret,06,6ème circonscription,Complet,75009,18287,56722,877,331,55514
46,Lot,01,1ère circonscription,Complet,72691,14613,58078,784,456,56838
46,Lot,02,2ème circonscription,Complet,66587,12551,54036,983,501,52552
47,Lot-et-Garonne,01,1ère circonscription,Complet,88161,18562,69599,1059,502,68038
47,Lot-et-Garonne,02,2ème circonscription,Complet,77282,17196,60086,855,494,58737
47,Lot-et-Garonne,03,3ème circonscription,Complet,75861,17149,58712,879,506,57327
48,Lozère,01,1ère circonscription,Complet,59812,11680,48132,741,395,46996
49,Maine-et-Loire,01,1ère circonscription,Complet,87670,21121,66549,1101,349,65099
49,Maine-et-Loire,02,2ème circonscription,Complet,93612,21296,72316,1271,434,70611
49,Maine-et-Loire,03,3ème circonscription,Complet,72321,17455,54866,1030,409,53427
49,Maine-et-Loire,04,4ème circonscription,Complet,76045,17419,58626,1014,392,57220
49,Maine-et-Loire,05,5ème circonscription,Complet,79259,18988,60271,1100,443,58728
49,Maine-et-Loire,06,6ème circonscription,Complet,98733,22277,76456,1433,549,74474
49,Maine-et-Loire,07,7ème circonscription,Complet,81623,18310,63313,1123,407,61783
50,Manche,01,1ère circonscription,Complet,87713,21104,66609,1125,447,65037
50,Manche,02,2ème circonscription,Complet,96973,22676,74297,1262,607,72428
50,Manche,03,3ème circonscription,Complet,110674,25593,85081,1391,539,83151
50,Manche,04,4ème circonscription,Complet,89253,24087,65166,969,355,63842
51,Marne,01,1ère circonscription,Complet,73920,20903,53017,659,303,52055
51,Marne,02,2ème circonscription,Complet,74347,20162,54185,669,309,53207
51,Marne,03,3ème circonscription,Complet,79952,21754,58198,845,333,57020
51,Marne,04,4ème circonscription,Complet,76591,20267,56324,759,386,55179
51,Marne,05,5ème circonscription,Complet,75834,17924,57910,894,371,56645
52,Haute-Marne,01,1ère circonscription,Complet,69939,17352,52587,819,459,51309
52,Haute-Marne,02,2ème circonscription,Complet,59450,15921,43529,670,360,42499
53,Mayenne,01,1ère circonscription,Complet,73560,17646,55914,1064,443,54407
53,Mayenne,02,2ème circonscription,Complet,78840,18165,60675,1254,488,58933
53,Mayenne,03,3ème circonscription,Complet,72322,17001,55321,1165,588,53568
54,Meurthe-et-Moselle,01,1ère circonscription,Complet,81726,21364,60362,817,313,59232
54,Meurthe-et-Moselle,02,2ème circonscription,Complet,67282,17634,49648,671,247,48730
54,Meurthe-et-Moselle,03,3ème circonscription,Complet,80563,25005,55558,741,354,54463
54,Meurthe-et-Moselle,04,4ème circonscription,Complet,97301,24588,72713,1058,494,71161
54,Meurthe-et-Moselle,05,5ème circonscription,Complet,78151,18402,59749,889,406,58454
54,Meurthe-et-Moselle,06,6ème circonscription,Complet,87034,23926,63108,916,432,61760
55,Meuse,01,1ère circonscription,Complet,75355,18252,57103,840,434,55829
55,Meuse,02,2ème circonscription,Complet,59450,15840,43610,669,257,42684
56,Morbihan,01,1ère circonscription,Complet,114329,23754,90575,1345,436,88794
56,Morbihan,02,2ème circonscription,Complet,112017,22578,89439,1404,566,87469
56,Morbihan,03,3ème circonscription,Complet,96283,19951,76332,1406,655,74271
56,Morbihan,04,4ème circonscription,Complet,111288,22632,88656,1569,583,86504
56,Morbihan,05,5ème circonscription,Complet,81577,21269,60308,1042,300,58966
56,Morbihan,06,6ème circonscription,Complet,93478,20336,73142,1193,579,71370
57,Moselle,01,1ère circonscription,Complet,92618,26645,65973,1010,380,64583
57,Moselle,02,2ème circonscription,Complet,76100,20972,55128,851,345,53932
57,Moselle,03,3ème circonscription,Complet,75560,21384,54176,751,278,53147
57,Moselle,04,4ème circonscription,Complet,80854,19321,61533,936,433,60164
57,Moselle,05,5ème circonscription,Complet,72444,19773,52671,803,357,51511
57,Moselle,06,6ème circonscription,Complet,66720,20871,45849,538,296,45015
57,Moselle,07,7ème circonscription,Complet,89286,23817,65469,961,438,64070
57,Moselle,08,8ème circonscription,Complet,91057,29535,61522,918,393,60211
57,Moselle,09,9ème circonscription,Complet,101275,27981,73294,1175,433,71686
58,Nièvre,01,1ère circonscription,Complet,74491,19917,54574,1003,331,53240
58,Nièvre,02,2ème circonscription,Complet,79695,18933,60762,954,607,59201
59,Nord,01,1ère circonscription,Complet,63513,18568,44945,449,252,44244
59,Nord,02,2ème circonscription,Complet,86242,24464,61778,765,342,60671
59,Nord,03,3ème circonscription,Complet,92248,29188,63060,745,364,61951
59,Nord,04,4ème circonscription,Complet,100845,26363,74482,947,372,73163
59,Nord,05,5ème circonscription,Complet,101258,24673,76585,1155,402,75028
59,Nord,06,6ème circonscription,Complet,93408,20099,73309,1050,365,71894
59,Nord,07,7ème circonscription,Complet,73343,21099,52244,661,276,51307
59,Nord,08,8ème circonscription,Complet,68145,25447,42698,528,283,41887
59,Nord,09,9ème circonscription,Complet,91917,26160,65757,739,317,64701
59,Nord,10,10ème circonscription,Complet,82005,27221,54784,749,335,53700
59,Nord,11,11ème circonscription,Complet,93910,27590,66320,875,373,65072
59,Nord,12,12ème circonscription,Complet,92886,25243,67643,898,414,66331
59,Nord,13,13ème circonscription,Complet,87000,27086,59914,1077,381,58456
59,Nord,14,14ème circonscription,Complet,99208,24634,74574,1200,505,72869
59,Nord,15,15ème circonscription,Complet,97732,23744,73988,1121,562,72305
59,Nord,16,16ème circonscription,Complet,83608,23818,59790,832,372,58586
59,Nord,17,17ème circonscription,Complet,73465,20723,52742,718,285,51739
59,Nord,18,18ème circonscription,Complet,90892,25795,65097,912,412,63773
59,Nord,19,19ème circonscription,Complet,80114,23252,56862,668,372,55822
59,Nord,20,20ème circonscription,Complet,81402,25246,56156,604,355,55197
59,Nord,21,21ème circonscription,Complet,80765,23620,57145,723,337,56085
60,Oise,01,1ère circonscription,Complet,82996,21090,61906,965,415,60526
60,Oise,02,2ème circonscription,Complet,88749,21439,67310,1016,1150,65144
60,Oise,03,3ème circonscription,Complet,73605,20063,53542,744,503,52295
60,Oise,04,4ème circonscription,Complet,93322,22573,70749,1087,886,68776
60,Oise,05,5ème circonscription,Complet,73122,18603,54519,826,328,53365
60,Oise,06,6ème circonscription,Complet,75769,18666,57103,801,360,55942
60,Oise,07,7ème circonscription,Complet,76558,19647,56911,885,360,55666
61,Orne,01,1ère circonscription,Complet,68427,17153,51274,880,352,50042
61,Orne,02,2ème circonscription,Complet,66030,16122,49908,817,278,48813
61,Orne,03,3ème circonscription,Complet,71081,17660,53421,889,437,52095
62,Pas-de-Calais,01,1ère circonscription,Complet,104900,23046,81854,1199,594,80061
62,Pas-de-Calais,02,2ème circonscription,Complet,86900,20812,66088,879,549,64660
62,Pas-de-Calais,03,3ème circonscription,Complet,83138,25430,57708,680,385,56643
62,Pas-de-Calais,04,4ème circonscription,Complet,89785,20977,68808,1014,690,67104
62,Pas-de-Calais,05,5ème circonscription,Complet,90480,25783,64697,816,456,63425
62,Pas-de-Calais,06,6ème circonscription,Complet,93543,20130,73413,986,576,71851
62,Pas-de-Calais,07,7ème circonscription,Complet,93900,27962,65938,861,478,64599
62,Pas-de-Calais,08,8ème circonscription,Complet,92056,23585,68471,921,607,66943
62,Pas-de-Calais,09,9ème circonscription,Complet,79991,20117,59874,793,412,58669
62,Pas-de-Calais,10,10ème circonscription,Complet,88852,24653,64199,830,464,62905
62,Pas-de-Calais,11,11ème circonscription,Complet,93941,27004,66937,742,428,65767
62,Pas-de-Calais,12,12ème circonscription,Complet,96237,26820,69417,880,511,68026
63,Puy-de-Dôme,01,1ère circonscription,Complet,83704,21168,62536,1081,423,61032
63,Puy-de-Dôme,02,2ème circonscription,Complet,89841,18197,71644,1439,617,69588
63,Puy-de-Dôme,03,3ème circonscription,Complet,89550,18507,71043,1206,415,69422
63,Puy-de-Dôme,04,4ème circonscription,Complet,100895,20526,80369,1642,550,78177
63,Puy-de-Dôme,05,5ème circonscription,Complet,104113,22471,81642,1570,704,79368
64,Pyrénées-Atlantiques,01,1ère circonscription,Complet,68649,14601,54048,765,329,52954
64,Pyrénées-Atlantiques,02,2ème circonscription,Complet,82766,15840,66926,958,397,65571
64,Pyrénées-Atlantiques,03,3ème circonscription,Complet,83795,17187,66608,953,438,65217
64,Pyrénées-Atlantiques,04,4ème circonscription,Complet,80672,16539,64133,981,444,62708
64,Pyrénées-Atlantiques,05,5ème circonscription,Complet,98913,22210,76703,1049,412,75242
64,Pyrénées-Atlantiques,06,6ème circonscription,Complet,105134,23757,81377,1110,469,79798
65,Hautes-Pyrénées,01,1ère circonscription,Complet,87881,19877,68004,1018,435,66551
65,Hautes-Pyrénées,02,2ème circonscription,Complet,89562,19718,69844,1046,461,68337
66,Pyrénées-Orientales,01,1ère circonscription,Complet,72300,18749,53551,608,440,52503
66,Pyrénées-Orientales,02,2ème circonscription,Complet,103346,24608,78738,973,621,77144
66,Pyrénées-Orientales,03,3ème circonscription,Complet,84783,21019,63764,933,537,62294
66,Pyrénées-Orientales,04,4ème circonscription,Complet,101647,23328,78319,1014,678,76627
67,Bas-Rhin,01,1ère circonscription,Complet,61463,15388,46075,414,170,45491
67,Bas-Rhin,02,2ème circonscription,Complet,71519,18931,52588,607,248,51733
67,Bas-Rhin,03,3ème circonscription,Complet,70021,18530,51491,573,270,50648
67,Bas-Rhin,04,4ème circonscription,Complet,97274,21784,75490,1049,384,74057
67,Bas-Rhin,05,5ème circonscription,Complet,105914,24951,80963,1230,574,79159
67,Bas-Rhin,06,6ème circonscription,Complet,97315,22767,74548,1128,477,72943
67,Bas-Rhin,07,7ème circonscription,Complet,85662,20673,64989,1099,448,63442
67,Bas-Rhin,08,8ème circonscription,Complet,94476,23542,70934,1156,510,69268
67,Bas-Rhin,09,9ème circonscription,Complet,95068,23658,71410,1079,353,69978
68,Haut-Rhin,01,1ère circonscription,Complet,77944,20960,56984,794,365,55825
68,Haut-Rhin,02,2ème circonscription,Complet,92458,21905,70553,1098,508,68947
68,Haut-Rhin,03,3ème circonscription,Complet,86827,21950,64877,1000,387,63490
68,Haut-Rhin,04,4ème circonscription,Complet,103815,25158,78657,1253,569,76835
68,Haut-Rhin,05,5ème circonscription,Complet,76710,22161,54549,1080,162,53307
68,Haut-Rhin,06,6ème circonscription,Complet,93984,25727,68257,1157,395,66705
69,Rhône,01,1ère circonscription,Complet,71473,14253,57220,705,212,56303
69,Rhône,02,2ème circonscription,Complet,71975,12171,59804,674,193,58937
69,Rhône,03,3ème circonscription,Complet,71683,13560,58123,690,196,57237
69,Rhône,04,4ème circonscription,Complet,77537,12841,64696,729,216,63751
69,Rhône,05,5ème circonscription,Complet,89593,17746,71847,909,272,70666
69,Rhône,06,6ème circonscription,Complet,88484,24518,63966,873,257,62836
69,Rhône,07,7ème circonscription,Complet,70364,21464,48900,605,274,48021
69,Rhône,08,8ème circonscription,Complet,104503,20171,84332,1316,387,82629
69,Rhône,09,9ème circonscription,Complet,96017,20623,75394,1300,349,73745
69,Rhône,10,10ème circonscription,Complet,98838,18226,80612,1161,335,79116
69,Rhône,11,11ème circonscription,Complet,96067,19748,76319,1226,397,74696
69,Rhône,12,12ème circonscription,Complet,81648,16398,65250,816,251,64183
69,Rhône,13,13ème circonscription,Complet,88159,20737,67422,967,310,66145
69,Rhône,14,14ème circonscription,Complet,74885,23124,51761,737,276,50748
70,Haute-Saône,01,1ère circonscription,Complet,88119,18718,69401,1206,768,67427
70,Haute-Saône,02,2ème circonscription,Complet,89596,20321,69275,1158,805,67312
71,Saône-et-Loire,01,1ère circonscription,Complet,74159,17047,57112,1109,348,55655
71,Saône-et-Loire,02,2ème circonscription,Complet,77096,17458,59638,1233,495,57910
71,Saône-et-Loire,03,3ème circonscription,Complet,81158,19091,62067,1211,501,60355
71,Saône-et-Loire,04,4ème circonscription,Complet,82769,19254,63515,1209,523,61783
71,Saône-et-Loire,05,5ème circonscription,Complet,87810,22519,65291,1161,533,63597
72,Sarthe,01,1ère circonscription,Complet,73093,17742,55351,1201,299,53851
72,Sarthe,02,2ème circonscription,Complet,83014,22899,60115,1501,284,58330
72,Sarthe,03,3ème circonscription,Complet,86479,21739,64740,1266,616,62858
72,Sarthe,04,4ème circonscription,Complet,80884,20340,60544,1314,449,58781
72,Sarthe,05,5ème circonscription,Complet,87838,22734,65104,1412,450,63242
73,Savoie,01,1ère circonscription,Complet,92953,19459,73494,1194,425,71875
73,Savoie,02,2ème circonscription,Complet,76053,17535,58518,895,367,57256
73,Savoie,03,3ème circonscription,Complet,74202,15295,58907,945,357,57605
73,Savoie,04,4ème circonscription,Complet,77501,16640,60861,897,342,59622
74,Haute-Savoie,01,1ère circonscription,Complet,108221,21958,86263,1409,453,84401
74,Haute-Savoie,02,2ème circonscription,Complet,99727,21433,78294,1188,366,76740
74,Haute-Savoie,03,3ème circonscription,Complet,87640,18632,69008,1176,362,67470
74,Haute-Savoie,04,4ème circonscription,Complet,87885,22963,64922,1008,310,63604
74,Haute-Savoie,05,5ème circonscription,Complet,101119,24262,76857,1163,443,75251
74,Haute-Savoie,06,6ème circonscription,Complet,81073,20136,60937,974,290,59673
75,Paris,01,1ère circonscription,Complet,97799,19432,78367,898,416,77053
75,Paris,02,2ème circonscription,Complet,74549,14110,60439,556,156,59727
75,Paris,03,3ème circonscription,Complet,71219,15422,55797,619,231,54947
75,Paris,04,4ème circonscription,Complet,74018,15070,58948,504,171,58273
75,Paris,05,5ème circonscription,Complet,78763,16797,61966,565,199,61202
75,Paris,06,6ème circonscription,Complet,80319,17434,62885,680,193,62012
75,Paris,07,7ème circonscription,Complet,79551,15918,63633,635,177,62821
75,Paris,08,8ème circonscription,Complet,83848,18271,65577,765,1541,63271
75,Paris,09,9ème circonscription,Complet,70328,15717,54611,671,287,53653
75,Paris,10,10ème circonscription,Complet,69820,15846,53974,641,233,53100
75,Paris,11,11ème circonscription,Complet,72832,14079,58753,582,199,57972
75,Paris,12,12ème circonscription,Complet,76504,15284,61220,536,166,60518
75,Paris,13,13ème circonscription,Complet,77820,16678,61142,684,223,60235
75,Paris,14,14ème circonscription,Complet,75745,15491,60254,466,186,59602
75,Paris,15,15ème circonscription,Complet,78647,18551,60096,682,252,59162
75,Paris,16,16ème circonscription,Complet,74499,19782,54717,507,227,53983
75,Paris,17,17ème circonscription,Complet,61693,17560,44133,457,241,43435
75,Paris,18,18ème circonscription,Complet,70071,15226,54845,580,169,54096
76,Seine-Maritime,01,1ère circonscription,Complet,65926,17201,48725,637,195,47893
76,Seine-Maritime,02,2ème circonscription,Complet,95009,19925,75084,1157,375,73552
76,Seine-Maritime,03,3ème circonscription,Complet,69701,20535,49166,704,286,48176
76,Seine-Maritime,04,4ème circonscription,Complet,86745,24264,62481,1072,418,60991
76,Seine-Maritime,05,5ème circonscription,Complet,94939,22110,72829,1217,439,71173
76,Seine-Maritime,06,6ème circonscription,Complet,109738,26676,83062,1273,466,81323
76,Seine-Maritime,07,7ème circonscription,Complet,86451,23578,62873,1336,123,61414
76,Seine-Maritime,08,8ème circonscription,Complet,65385,21756,43629,931,45,42653
76,Seine-Maritime,09,9ème circonscription,Complet,95403,22237,73166,1167,368,71631
76,Seine-Maritime,10,10ème circonscription,Complet,109955,23865,86090,1488,443,84159
77,Seine-et-Marne,01,1ère circonscription,Complet,70749,19198,51551,702,288,50561
77,Seine-et-Marne,02,2ème circonscription,Complet,79578,18258,61320,924,272,60124
77,Seine-et-Marne,03,3ème circonscription,Complet,76911,18647,58264,996,316,56952
77,Seine-et-Marne,04,4ème circonscription,Complet,88433,21007,67426,1093,443,65890
77,Seine-et-Marne,05,5ème circonscription,Complet,87770,21554,66216,1053,1004,64159
77,Seine-et-Marne,06,6ème circonscription,Complet,81158,20935,60223,1056,324,58843
77,Seine-et-Marne,07,7ème circonscription,Complet,87147,20532,66615,1023,312,65280
77,Seine-et-Marne,08,8ème circonscription,Complet,94569,22504,72065,1185,356,70524
77,Seine-et-Marne,09,9ème circonscription,Complet,85866,21575,64291,1098,302,62891
77,Seine-et-Marne,10,10ème circonscription,Complet,81035,21407,59628,906,343,58379
77,Seine-et-Marne,11,11ème circonscription,Complet,66087,17555,48532,1021,185,47326
78,Yvelines,01,1ère circonscription,Complet,83285,17146,66139,788,276,65075
78,Yvelines,02,2ème circonscription,Complet,85933,16008,69925,877,287,68761
78,Yvelines,03,3ème circonscription,Complet,83249,16913,66336,751,241,65344
78,Yvelines,04,4ème circonscription,Complet,79851,16244,63607,737,234,62636
78,Yvelines,05,5ème circonscription,Complet,75287,16757,58530,701,205,57624
78,Yvelines,06,6ème circonscription,Complet,75603,17543,58060,515,374,57171
78,Yvelines,07,7ème circonscription,Complet,80234,19412,60822,921,287,59614
78,Yvelines,08,8ème circonscription,Complet,74215,20778,53437,734,309,52394
78,Yvelines,09,9ème circonscription,Complet,92669,21481,71188,1021,361,69806
78,Yvelines,10,10ème circonscription,Complet,91213,18162,73051,1049,305,71697
78,Yvelines,11,11ème circonscription,Complet,68878,16249,52629,692,318,51619
78,Yvelines,12,12ème circonscription,Complet,70828,15015,55813,815,233,54765
79,Deux-Sèvres,01,1ère circonscription,Complet,90470,19303,71167,1272,562,69333
79,Deux-Sèvres,02,2ème circonscription,Complet,98007,21113,76894,1359,938,74597
79,Deux-Sèvres,03,3ème circonscription,Complet,84737,18987,65750,1208,668,63874
80,Somme,01,1ère circonscription,Complet,83939,23842,60097,911,623,58563
80,Somme,02,2ème circonscription,Complet,77398,20666,56732,764,461,55507
80,Somme,03,3ème circonscription,Complet,82602,18888,63714,1155,683,61876
80,Somme,04,4ème circonscription,Complet,84900,19442,65458,1123,775,63560
80,Somme,05,5ème circonscription,Complet,81217,19849,61368,884,1072,59412
81,Tarn,01,1ère circonscription,Complet,84945,18571,66374,953,573,64848
81,Tarn,02,2ème circonscription,Complet,109393,22800,86593,1268,774,84551
81,Tarn,03,3ème circonscription,Complet,103840,21447,82393,1230,720,80443
82,Tarn-et-Garonne,01,1ère circonscription,Complet,92727,19842,72885,1062,569,71254
82,Tarn-et-Garonne,02,2ème circonscription,Complet,95979,19783,76196,1107,523,74566
83,Var,01,1ère circonscription,Complet,71825,20603,51222,709,222,50291
83,Var,02,2ème circonscription,Complet,91773,24766,67007,938,314,65755
83,Var,03,3ème circonscription,Complet,103747,25268,78479,1020,452,77007
83,Var,04,4ème circonscription,Complet,112039,29447,82592,1037,427,81128
83,Var,05,5ème circonscription,Complet,101179,25588,75591,883,413,74295
83,Var,06,6ème circonscription,Complet,126880,30569,96311,1249,524,94538
83,Var,07,7ème circonscription,Complet,104713,28665,76048,906,342,74800
83,Var,08,8ème circonscription,Complet,108748,26306,82442,1061,465,80916
84,Vaucluse,01,1ère circonscription,Complet,73360,21563,51797,658,255,50884
84,Vaucluse,02,2ème circonscription,Complet,85602,20254,65348,933,361,64054
84,Vaucluse,03,3ème circonscription,Complet,78463,18543,59920,804,387,58729
84,Vaucluse,04,4ème circonscription,Complet,90080,21110,68970,1110,359,67501
84,Vaucluse,05,5ème circonscription,Complet,84102,20180,63922,845,380,62697
85,Vendée,01,1ère circonscription,Complet,118122,26087,92035,1545,790,89700
85,Vendée,02,2ème circonscription,Complet,111779,24173,87606,1455,698,85453
85,Vendée,03,3ème circonscription,Complet,134805,30898,103907,1455,676,101776
85,Vendée,04,4ème circonscription,Complet,102337,20344,81993,1729,647,79617
85,Vendée,05,5ème circonscription,Complet,83920,19045,64875,1128,584,63163
86,Vienne,01,1ère circonscription,Complet,80217,17446,62771,1123,526,61122
86,Vienne,02,2ème circonscription,Complet,79056,16219,62837,1006,488,61343
86,Vienne,03,3ème circonscription,Complet,72854,15830,57024,1027,499,55498
86,Vienne,04,4ème circonscription,Complet,73884,18809,55075,897,489,53689
87,Haute-Vienne,01,1ère circonscription,Complet,84048,18351,65697,1156,660,63881
87,Haute-Vienne,02,2ème circonscription,Complet,97835,19226,78609,1464,999,76146
87,Haute-Vienne,03,3ème circonscription,Complet,81859,17907,63952,1167,694,62091
88,Vosges,01,1ère circonscription,Complet,76583,20050,56533,894,425,55214
88,Vosges,02,2ème circonscription,Complet,72321,18163,54158,873,609,52676
88,Vosges,03,3ème circonscription,Complet,63779,15238,48541,904,426,47211
88,Vosges,04,4ème circonscription,Complet,65230,15463,49767,760,414,48593
89,Yonne,01,1ère circonscription,Complet,74972,16833,58139,860,353,56926
89,Yonne,02,2ème circonscription,Complet,73405,17507,55898,854,399,54645
89,Yonne,03,3ème circonscription,Complet,89580,23209,66371,1001,430,64940
90,Territoire de Belfort,01,1ère circonscription,Complet,47406,11489,35917,640,259,35018
90,Territoire de Belfort,02,2ème circonscription,Complet,46318,10749,35569,602,331,34636
91,Essonne,01,1ère circonscription,Complet,71894,21996,49898,721,363,48814
91,Essonne,02,2ème circonscription,Complet,91510,20865,70645,1091,412,69142
91,Essonne,03,3ème circonscription,Complet,98234,21462,76772,1255,404,75113
91,Essonne,04,4ème circonscription,Complet,98220,20773,77447,1218,398,75831
91,Essonne,05,5ème circonscription,Complet,68179,13307,54872,638,200,54034
91,Essonne,06,6ème circonscription,Complet,82748,19089,63659,849,337,62473
91,Essonne,07,7ème circonscription,Complet,73017,19182,53835,810,319,52706
91,Essonne,08,8ème circonscription,Complet,75803,19369,56434,797,319,55318
91,Essonne,09,9ème circonscription,Complet,78393,18934,59459,870,335,58254
91,Essonne,10,10ème circonscription,Complet,61502,17223,44279,705,318,43256
92,Hauts-de-Seine,01,1ère circonscription,Complet,65200,18497,46703,801,206,45696
92,Hauts-de-Seine,02,2ème circonscription,Complet,69068,13416,55652,795,216,54641
92,Hauts-de-Seine,03,3ème circonscription,Complet,82192,16920,65272,1131,135,64006
92,Hauts-de-Seine,04,4ème circonscription,Complet,80000,19324,60676,959,167,59550
92,Hauts-de-Seine,05,5ème circonscription,Complet,75230,16236,58994,677,232,58085
92,Hauts-de-Seine,06,6ème circonscription,Complet,75664,13954,61710,702,205,60803
92,Hauts-de-Seine,07,7ème circonscription,Complet,87577,17457,70120,858,231,69031
92,Hauts-de-Seine,08,8ème circonscription,Complet,67791,12784,55007,758,110,54139
92,Hauts-de-Seine,09,9ème circonscription,Complet,63115,11573,51542,841,0,50701
92,Hauts-de-Seine,10,10ème circonscription,Complet,79139,15830,63309,1249,89,61971
92,Hauts-de-Seine,11,11ème circonscription,Complet,70156,15494,54662,656,304,53702
92,Hauts-de-Seine,12,12ème circonscription,Complet,92940,19067,73873,1018,327,72528
92,Hauts-de-Seine,13,13ème circonscription,Complet,89595,18238,71357,1396,72,69889
93,Seine-Saint-Denis,01,1ère circonscription,Complet,66497,20200,46297,503,343,45451
93,Seine-Saint-Denis,02,2ème circonscription,Complet,54675,18566,36109,507,275,35327
93,Seine-Saint-Denis,03,3ème circonscription,Complet,75048,18893,56155,810,336,55009
93,Seine-Saint-Denis,04,4ème circonscription,Complet,64751,22303,42448,698,201,41549
93,Seine-Saint-Denis,05,5ème circonscription,Complet,64548,22265,42283,604,324,41355
93,Seine-Saint-Denis,06,6ème circonscription,Complet,57423,17978,39445,432,236,38777
93,Seine-Saint-Denis,07,7ème circonscription,Complet,79806,21386,58420,738,231,57451
93,Seine-Saint-Denis,08,8ème circonscription,Complet,61152,16734,44418,834,168,43416
93,Seine-Saint-Denis,09,9ème circonscription,Complet,73220,20444,52776,633,302,51841
93,Seine-Saint-Denis,10,10ème circonscription,Complet,68904,21305,47599,637,260,46702
93,Seine-Saint-Denis,11,11ème circonscription,Complet,62978,20094,42884,605,309,41970
93,Seine-Saint-Denis,12,12ème circonscription,Complet,64927,19759,45168,606,259,44303
94,Val-de-Marne,01,1ère circonscription,Complet,84314,18485,65829,884,325,64620
94,Val-de-Marne,02,2ème circonscription,Complet,65115,17699,47416,624,327,46465
94,Val-de-Marne,03,3ème circonscription,Complet,73200,19152,54048,913,307,52828
94,Val-de-Marne,04,4ème circonscription,Complet,73434,16897,56537,879,291,55367
94,Val-de-Marne,05,5ème circonscription,Complet,89753,22546,67207,1005,254,65948
94,Val-de-Marne,06,6ème circonscription,Complet,81755,17424,64331,798,265,63268
94,Val-de-Marne,07,7ème circonscription,Complet,65949,17467,48482,730,260,47492
94,Val-de-Marne,08,8ème circonscription,Complet,77989,16711,61278,832,297,60149
94,Val-de-Marne,09,9ème circonscription,Complet,53579,14659,38920,545,285,38090
94,Val-de-Marne,10,10ème circonscription,Complet,66555,17572,48983,622,292,48069
94,Val-de-Marne,11,11ème circonscription,Complet,64443,16797,47646,669,215,46762
95,Val-d'Oise,01,1ère circonscription,Complet,82122,18744,63378,997,325,62056
95,Val-d'Oise,02,2ème circonscription,Complet,77842,18684,59158,892,353,57913
95,Val-d'Oise,03,3ème circonscription,Complet,93965,22499,71466,1089,368,70009
95,Val-d'Oise,04,4ème circonscription,Complet,75211,18415,56796,845,274,55677
95,Val-d'Oise,05,5ème circonscription,Complet,68637,20266,48371,572,249,47550
95,Val-d'Oise,06,6ème circonscription,Complet,75004,19594,55410,749,267,54394
95,Val-d'Oise,07,7ème circonscription,Complet,68851,18507,50344,719,289,49336
95,Val-d'Oise,08,8ème circonscription,Complet,54208,18154,36054,510,285,35259
95,Val-d'Oise,09,9ème circonscription,Complet,70142,20049,50093,810,426,48857
95,Val-d'Oise,10,10ème circonscription,Complet,67547,17941,49606,844,228,48534
ZA,Guadeloupe,01,1ère circonscription,Complet,76035,42997,33038,656,959,31423
ZA,Guadeloupe,02,2ème circonscription,Complet,87612,48372,39240,775,970,37495
ZA,Guadeloupe,03,3ème circonscription,Complet,84220,44691,39529,674,876,37979
ZA,Guadeloupe,04,4ème circonscription,Complet,68156,38532,29624,614,822,28188
ZB,Martinique,01,1ère circonscription,Complet,80037,44808,35229,1154,823,33252
ZB,Martinique,02,2ème circonscription,Complet,80281,45409,34872,1111,924,32837
ZB,Martinique,03,3ème circonscription,Complet,60281,34779,25502,840,531,24131
ZB,Martinique,04,4ème circonscription,Complet,83995,49592,34403,896,778,32729
ZC,Guyane,01,1ère circonscription,Complet,56628,32823,23805,556,377,22872
ZC,Guyane,02,2ème circonscription,Complet,46365,32931,13434,269,176,12989
ZD,La Réunion,01,1ère circonscription,Complet,85236,37505,47731,965,729,46037
ZD,La Réunion,02,2ème circonscription,Complet,98707,47870,50837,1100,1203,48534
ZD,La Réunion,03,3ème circonscription,Complet,96040,41754,54286,1207,1462,51617
ZD,La Réunion,04,4ème circonscription,Complet,108575,44701,63874,1354,1648,60872
ZD,La Réunion,05,5ème circonscription,Complet,87334,44067,43267,778,1047,41442
ZD,La Réunion,06,6ème circonscription,Complet,81747,39895,41852,756,765,40331
ZD,La Réunion,07,7ème circonscription,Complet,117900,57367,60533,1201,1399,57933
ZM,Mayotte,01,1ère circonscription,Complet,42446,25697,16749,427,555,15767
ZM,Mayotte,02,2ème circonscription,Complet,49741,29327,20414,495,636,19283
ZN,Nouvelle-Calédonie,01,1ère circonscription,Complet,96762,61832,34930,764,219,33947
ZN,Nouvelle-Calédonie,02,2ème circonscription,Complet,122011,83975,38036,1013,470,36553
ZP,Polynésie française,01,1ère circonscription,Complet,71957,45693,26264,551,1153,24560
ZP,Polynésie française,02,2ème circonscription,Complet,67010,49254,17756,457,476,16823
ZP,Polynésie française,03,3ème circonscription,Complet,66609,47174,19435,482,306,18647
ZS,Saint-Pierre-et-Miquelon,01,Saint-Pierre-et-Miquelon,Complet,5045,2272,2773,47,25,2701
ZW,Wallis et Futuna,01,1ère circonscription,Complet,9528,4125,5403,27,17,5359
ZX,Saint-Martin/Saint-Barthélemy,01,1ère circonscription,Complet,24414,15812,8602,150,84,8368
ZZ,Français établis hors de France,01,1ère circonscription,Complet,237907,161601,76306,460,312,75534
ZZ,Français établis hors de France,02,2ème circonscription,Complet,75356,57157,18199,116,176,17907
ZZ,Français établis hors de France,03,3ème circonscription,Complet,146874,96470,50404,264,272,49868
ZZ,Français établis hors de France,04,4ème circonscription,Complet,146858,81205,65653,345,164,65144
ZZ,Français établis hors de France,05,5ème circonscription,Complet,104058,70338,33720,249,95,33376
ZZ,Français établis hors de France,06,6ème circonscription,Complet,148654,83136,65518,390,270,64858
ZZ,Français établis hors de France,07,7ème circonscription,Complet,122158,69559,52599,247,208,52144
ZZ,Français établis hors de France,08,8ème circonscription,Complet,130065,106455,23610,150,109,23351
ZZ,Français établis hors de France,09,9ème circonscription,Complet,121122,81344,39778,298,178,39302
ZZ,Français établis hors de France,10,10ème circonscription,Complet,103910,63575,40335,365,191,39779
ZZ,Français établis hors de France,11,11ème circonscription,Complet,98784,60615,38169,309,172,37688
